Result/Notes:,Business Name,Phone #,Locale,Owner Name,Introduction,Website Link,claude_estimated_owner,Place ID
,1st Call Plumbing,+1 870-919-3036,"plumber, 72412, Beech Grove, AR, US",Doug,Hey Doug! My name is Jared - I live in Little Rock and help out local plumbers. I made this website for your business! Check it out here:,https://plumber-taupe.vercel.app/?site_id=1stcallplumbing,Doug Doug,https://plumber-taupe.vercel.app/?site_id=1stcallplumbing
,Johnny Thomas Plumbing,+1 501-276-4225,"plumber, 72412, Beech Grove, AR, US",Johnny Thomas,Hey Johnny! My name is Jared - I live in Little Rock and help out local plumbers. I made this website for your business! Check it out here: https://atlasgrowth.github.io/Arkansasplumbers/?site_id=johnnythomasplumbing,https://plumber-taupe.vercel.app/?site_id=johnnythomasplumbing,No confident estimation,https://plumber-taupe.vercel.app/?site_id=johnnythomasplumbing
,Barkley Plumbing and Septic,+1 870-926-1296,"plumber, 72412, Beech Grove, AR, US",Ethan Barkley,Hey Ethan! My name is Jared - I live in Little Rock and help out local plumbers. I made this website for your business! Check it out here:,https://plumber-taupe.vercel.app/?site_id=barkleyplumbingandseptic,Ethan Ethan,https://plumber-taupe.vercel.app/?site_id=barkleyplumbingandseptic
,David's Fast Emergency Plumbing,+1 870-761-7149,"plumber, 72412, Beech Grove, AR, US",David,Hey David! My name is Jared - I live in Little Rock and help out local plumbers. I made this website for your business! Check it out here:,https://plumber-taupe.vercel.app/?site_id=davidsfastemergencyplumbing,No confident estimation,https://plumber-taupe.vercel.app/?site_id=david'sfastemergencyplumbing
,Elliot Plumbing Company,+1 870-316-5553,"plumber, 72412, Beech Grove, AR, US",Luther Elliot,Hey Luther! My name is Jared - I live in Little Rock and help out local plumbers. I made this website for your business! Check it out here:,https://plumber-taupe.vercel.app/?site_id=elliotplumbingcompany,No confident estimation,https://plumber-taupe.vercel.app/?site_id=elliotplumbingcompany
,Ogles Plumbing,+1 870-316-4888,"plumber, 72412, Beech Grove, AR, US",Herbert Ogles,Hey Herbert! My name is Jared - I live in Little Rock and help out local plumbers. I made this website for your business! Check it out here:,https://plumber-taupe.vercel.app/?site_id=oglesplumbing,No confident estimation,https://plumber-taupe.vercel.app/?site_id=oglesplumbing
,Chris Magness Plumbing,+1 870-926-1190,"plumber, 72412, Beech Grove, AR, US",Chris Magness,Hey Joseph! My name is Jared - I live in Little Rock and help out local plumbers. I made this website for your business! Check it out here:,https://plumber-taupe.vercel.app/?site_id=chrismagnessplumbing,No confident estimation,https://plumber-taupe.vercel.app/?site_id=chrismagnessplumbing
,Two Guys Plumbing Inc.,+1 870-926-8805,"plumber, 72412, Beech Grove, AR, US",Tanner,Hey Tanner! My name is Jared - I live in Little Rock and help out local plumbers. I made this website for your business! Check it out here:,https://plumber-taupe.vercel.app/?site_id=twoguysplumbinginc,No confident estimation,https://plumber-taupe.vercel.app/?site_id=twoguysplumbinginc.
,Superior Plumbing,+1 870-206-7809,"plumber, 72412, Beech Grove, AR, US",Dewayne Parnell,Hey Dewayne! My name is Jared - I live in Little Rock and help out local plumbers. I made this website for your business! Check it out here:,https://plumber-taupe.vercel.app/?site_id=superiorplumbing,No confident estimation,https://plumber-taupe.vercel.app/?site_id=superiorplumbing
,Mid-South Heat & Air,+1 870-450-0777,"plumber, 72412, Beech Grove, AR, US",Aaron Burns,Hey Aaron! My name is Jared - I live in Little Rock and help out local plumbers. I made this website for your business! Check it out here:,https://plumber-taupe.vercel.app/?site_id=midsouthheatair,Aaron,https://plumber-taupe.vercel.app/?site_id=mid-southheat&air
,JVT Remodeling & Home Service,+1 573-712-6205,"plumber, 72412, Beech Grove, AR, US",Jason Tyler,Hey Jason! My name is Jared - I live in Little Rock and help out local plumbers. I made this website for your business! Check it out here:,https://plumber-taupe.vercel.app/?site_id=jvtremodelinghomeservice,No confident estimation,https://plumber-taupe.vercel.app/?site_id=jvtremodeling&homeservice
,All In One Services,+1 870-810-7688,"plumber, 72413, Biggers, AR, US",Kopen Hull,Hey Kopen! My name is Jared - I live in Little Rock and help out local plumbers. I made this website for your business! Check it out here:,https://plumber-taupe.vercel.app/?site_id=allinoneservices,No confident estimation,https://plumber-taupe.vercel.app/?site_id=allinoneservices
,King Plumbing,+1 870-268-0587,"plumber, 72413, Biggers, AR, US",Donald King,Hey Donald! My name is Jared - I live in Little Rock and help out local plumbers. I made this website for your business! Check it out here:,https://plumber-taupe.vercel.app/?site_id=kingplumbing,No confident estimation,https://plumber-taupe.vercel.app/?site_id=kingplumbing
,Williams plumbing jonesboro,+1 870-809-9535,"plumber, 72413, Biggers, AR, US",Jarrett Brown,Hey Rodney! My name is Jared - I live in Little Rock and help out local plumbers. I made this website for your business! Check it out here:,https://plumber-taupe.vercel.app/?site_id=williamsplumbingjonesboro,No confident estimation,https://plumber-taupe.vercel.app/?site_id=williamsplumbingjonesboro
,B&J handyman service,+1 870-761-2198,"plumber, 72416, Bono, AR, US",Rodney Williams,Hey ! My name is Jared - I live in Little Rock and help out local plumbers. I made this website for your business! Check it out here:,https://plumber-taupe.vercel.app/?site_id=bjhandymanservice,No confident estimation,https://plumber-taupe.vercel.app/?site_id=b&jhandymanservice
,JD Plumbing LLC,+1 936-215-3435,"plumber, 72416, Bono, AR, US",Mr. Taylor,Hey Melissa! My name is Jared - I live in Little Rock and help out local plumbers. I made this website for your business! Check it out here:,https://plumber-taupe.vercel.app/?site_id=jdplumbingllc,No confident estimation,https://plumber-taupe.vercel.app/?site_id=jdplumbingllc
,Speakes Electric,+1 870-530-7866,"plumber, 72416, Bono, AR, US",Timothy Speakes,Hey Timothy! My name is Jared - I live in Little Rock and help out local plumbers. I made this website for your business! Check it out here:,https://plumber-taupe.vercel.app/?site_id=speakeselectric,No confident estimation,https://plumber-taupe.vercel.app/?site_id=speakeselectric
,Unity Enterprises of Northeast Arkansas,+1 870-530-9892,"plumber, 72417, Brookland, AR, US",Darrel Teeter,Hey Darrel! My name is Jared - I live in Little Rock and help out local plumbers. I made this website for your business! Check it out here:,https://plumber-taupe.vercel.app/?site_id=unityenterprisesofnortheastarkansas,No confident estimation,https://plumber-taupe.vercel.app/?site_id=unityenterprisesofnortheastarkansas
,DrainPro Professional Services,+1 870-844-4000,"plumber, 72417, Brookland, AR, US",Brandon Edwards,Hey Brandon! My name is Jared - I live in Little Rock and help out local plumbers. I made this website for your business! Check it out here:,https://plumber-taupe.vercel.app/?site_id=drainproprofessionalservices,Drain Pro,https://plumber-taupe.vercel.app/?site_id=drainproprofessionalservices
,Mullins Plumbing,+1 870-318-0975,"plumber, 72419, Caraway, AR, US",Chad Mullins,Hey Chad! My name is Jared - I live in Little Rock and help out local plumbers. I made this website for your business! Check it out here:,https://plumber-taupe.vercel.app/?site_id=mullinsplumbing,No confident estimation,https://plumber-taupe.vercel.app/?site_id=mullinsplumbing
,Pennington's Creatives,+1 870-926-0299,"plumber, 72421, Cash, AR, US",Steven Pennington,Hey Steven! My name is Jared - I live in Little Rock and help out local plumbers. I made this website for your business! Check it out here:,https://plumber-taupe.vercel.app/?site_id=penningtonscreatives,No confident estimation,https://plumber-taupe.vercel.app/?site_id=pennington'screatives
,"Arkansas Jetting & Plumbing Services, Inc.",+1 870-810-3008,"plumber, 72425, Delaplaine, AR, US",Garry Raikes,Hey Garry! My name is Jared - I live in Little Rock and help out local plumbers. I made this website for your business! Check it out here:,https://plumber-taupe.vercel.app/?site_id=arkansasjettingplumbingservicesinc,No confident estimation,"https://plumber-taupe.vercel.app/?site_id=arkansasjetting&plumbingservices,inc."
,"B&B Repair Appliance parts, sales and service",+1 870-847-5104,"plumber, 72425, Delaplaine, AR, US",Billy,Hey Billy! My name is Jared - I live in Little Rock and help out local plumbers. I made this website for your business! Check it out here:,https://plumber-taupe.vercel.app/?site_id=bbrepairappliancepartssalesandservice,No confident estimation,"https://plumber-taupe.vercel.app/?site_id=b&brepairapplianceparts,salesandservice"
,Etowah Plumbing,+1 870-955-4419,"plumber, 72425, Delaplaine, AR, US",Eric McElroy,Hey Eric! My name is Jared - I live in Little Rock and help out local plumbers. I made this website for your business! Check it out here:,https://plumber-taupe.vercel.app/?site_id=etowahplumbing,No confident estimation,https://plumber-taupe.vercel.app/?site_id=etowahplumbing
,Holloway Heating & Air LLC Plumbing & Electrical,+1 256-441-2898,"plumber, 72428, Etowah, AR, US",Samuel Holloway,Hey Samuel! My name is Jared - I live in Little Rock and help out local plumbers. I made this website for your business! Check it out here:,https://plumber-taupe.vercel.app/?site_id=hollowayheatingairllcplumbingelectrical,No confident estimation,https://plumber-taupe.vercel.app/?site_id=hollowayheating&airllcplumbing&electrical
,Milverton Plumbing,+1 870-792-7342,"plumber, 72429, Fisher, AR, US",Verton Miller,Hey Verton! My name is Jared - I live in Little Rock and help out local plumbers. I made this website for your business! Check it out here:,https://plumber-taupe.vercel.app/?site_id=milvertonplumbing,No confident estimation,https://plumber-taupe.vercel.app/?site_id=milvertonplumbing
,Workhorse Plumbing,+1 870-844-0523,"plumber, 72429, Fisher, AR, US",David Mumma,Hey David! My name is Jared - I live in Little Rock and help out local plumbers. I made this website for your business! Check it out here:,https://plumber-taupe.vercel.app/?site_id=workhorseplumbing,No confident estimation,https://plumber-taupe.vercel.app/?site_id=workhorseplumbing
,White River Sewer & Drain,+1 870-844-0175,"plumber, 72429, Fisher, AR, US",Kenneth D Smith,Hey Kenneth! My name is Jared - I live in Little Rock and help out local plumbers. I made this website for your business! Check it out here:,https://plumber-taupe.vercel.app/?site_id=whiteriversewerdrain,No confident estimation,https://plumber-taupe.vercel.app/?site_id=whiteriversewer&drain
,Harris Plumbing,+1 870-751-1931,"plumber, 72429, Fisher, AR, US",Richard Harris,Hey Richard! My name is Jared - I live in Little Rock and help out local plumbers. I made this website for your business! Check it out here:,https://plumber-taupe.vercel.app/?site_id=harrisplumbing,Ricky,https://plumber-taupe.vercel.app/?site_id=harrisplumbing
,Larry's Plumbing and Mitchell’s Construction,+1 870-318-6935,"plumber, 72429, Fisher, AR, US",Larry Samples,Hey Larry! My name is Jared - I live in Little Rock and help out local plumbers. I made this website for your business! Check it out here:,https://plumber-taupe.vercel.app/?site_id=larrysplumbingandmitchellsconstruction,Kevin,https://plumber-taupe.vercel.app/?site_id=larry'splumbingandmitchell’sconstruction
,Paragould Home Repair Service,+1 573-888-5969,"plumber, 72430, Greenway, AR, US",Charly Hess,Hey Charly! My name is Jared - I live in Little Rock and help out local plumbers. I made this website for your business! Check it out here:,https://plumber-taupe.vercel.app/?site_id=paragouldhomerepairservice,No confident estimation,https://plumber-taupe.vercel.app/?site_id=paragouldhomerepairservice
,Mike The Plumber,+1 870-212-9622,"plumber, 72436, Lafe, AR, US",Michael Reynolds,Hey Michael! My name is Jared - I live in Little Rock and help out local plumbers. I made this website for your business! Check it out here:,https://plumber-taupe.vercel.app/?site_id=miketheplumber,Hunter,https://plumber-taupe.vercel.app/?site_id=miketheplumber
,JP's Plumbing LLC,+1 870-321-4298,"plumber, 72437, Lake City, AR, US",Jason,Hey Jason! My name is Jared - I live in Little Rock and help out local plumbers. I made this website for your business! Check it out here:,https://plumber-taupe.vercel.app/?site_id=jpsplumbingllc,Jason,https://plumber-taupe.vercel.app/?site_id=jp'splumbingllc
,J Dodson Plumbing,+1 501-259-9908,"plumber, 72453, Peach Orchard, AR, US",David J Dodson,Hey David! My name is Jared - I live in Little Rock and help out local plumbers. I made this website for your business! Check it out here:,https://plumber-taupe.vercel.app/?site_id=jdodsonplumbing,Jeremy Jeremy,https://plumber-taupe.vercel.app/?site_id=jdodsonplumbing
,"Randy's HVAC, LLC",+1 501-909-2540,"plumber, 72456, Pollard, AR, US",Randy,Hey Randy! My name is Jared - I live in Little Rock and help out local plumbers. I made this website for your business! Check it out here:,https://plumber-taupe.vercel.app/?site_id=randyshvacllc,No confident estimation,"https://plumber-taupe.vercel.app/?site_id=randy'shvac,llc"
,Quality Plumbing Solutions,+1 870-953-1931,"plumber, 72462, Reyno, AR, US",Terry Torres,Hey Terry! My name is Jared - I live in Little Rock and help out local plumbers. I made this website for your business! Check it out here:,https://plumber-taupe.vercel.app/?site_id=qualityplumbingsolutions,No confident estimation,https://plumber-taupe.vercel.app/?site_id=qualityplumbingsolutions
,Bonafide Plumbing Services LLC,+1 870-319-5360,"plumber, 72464, Saint Francis, AR, US",Zachary Hall,Hey Zachary! My name is Jared - I live in Little Rock and help out local plumbers. I made this website for your business! Check it out here:,https://plumber-taupe.vercel.app/?site_id=bonafideplumbingservicesllc,No confident estimation,https://plumber-taupe.vercel.app/?site_id=bonafideplumbingservicesllc
,A State Plumbing LLC,+1 479-220-1067,"plumber, 72465, Sedgwick, AR, US",Tim McQuary,Hey Tim! My name is Jared - I live in Little Rock and help out local plumbers. I made this website for your business! Check it out here:,https://plumber-taupe.vercel.app/?site_id=astateplumbingllc,No confident estimation,https://plumber-taupe.vercel.app/?site_id=astateplumbingllc
,"Walthall Plumbing, LLC",+1 501-286-9795,"plumber, 72467, State University, AR, US",Jeffery Walthall,Hey Jeffery! My name is Jared - I live in Little Rock and help out local plumbers. I made this website for your business! Check it out here:,https://plumber-taupe.vercel.app/?site_id=walthallplumbingllc,No confident estimation,"https://plumber-taupe.vercel.app/?site_id=walthallplumbing,llc"
,Allan's Plumbing,+1 870-310-2714,"plumber, 71731, El Dorado, AR, US",Gregory Saunders,Hey Gregory! My name is Jared - I live in Little Rock and help out local plumbers. I made this website for your business! Check it out here:,https://plumber-taupe.vercel.app/?site_id=allansplumbing,No confident estimation,https://plumber-taupe.vercel.app/?site_id=allan'splumbing
,Mason Plumbing Co,+1 870-310-4848,"plumber, 71731, El Dorado, AR, US",Joshua White,Hey Joshua! My name is Jared - I live in Little Rock and help out local plumbers. I made this website for your business! Check it out here:,https://plumber-taupe.vercel.app/?site_id=masonplumbingco,No confident estimation,https://plumber-taupe.vercel.app/?site_id=masonplumbingco
,Dusty's Heating & Air Conditioning Service,+1 870-863-7474,"plumber, 71731, El Dorado, AR, US",Dusty Shepherd,Hey Dusty! My name is Jared - I live in Little Rock and help out local plumbers. I made this website for your business! Check it out here:,https://plumber-taupe.vercel.app/?site_id=dustysheatingairconditioningservice,No confident estimation,https://plumber-taupe.vercel.app/?site_id=dusty'sheating&airconditioningservice
,Plumb Perfect LLC,+1 870-904-3275,"plumber, 71740, Emerson, AR, US",Jesse Livingston,Hey Jesse! My name is Jared - I live in Little Rock and help out local plumbers. I made this website for your business! Check it out here:,https://plumber-taupe.vercel.app/?site_id=plumbperfectllc,No confident estimation,https://plumber-taupe.vercel.app/?site_id=plumbperfectllc
,Harper's Plumbing,+1 870-312-4312,"plumber, 71740, Emerson, AR, US",Kenneth Harper,Hey Kenneth! My name is Jared - I live in Little Rock and help out local plumbers. I made this website for your business! Check it out here:,https://plumber-taupe.vercel.app/?site_id=harpersplumbing,No confident estimation,https://plumber-taupe.vercel.app/?site_id=harper'splumbing
,CASCo Plumbing,+1 870-353-4025,"plumber, 71743, Gurdon, AR, US",Cody Strickland ,Hey Cody! My name is Jared - I live in Little Rock and help out local plumbers. I made this website for your business! Check it out here:,https://plumber-taupe.vercel.app/?site_id=cascoplumbing,Cody,https://plumber-taupe.vercel.app/?site_id=cascoplumbing
,Pamplin services,+1 870-312-6094,"plumber, 71744, Hampton, AR, US",Wesley Ashcraft,Hey Wesley! My name is Jared - I live in Little Rock and help out local plumbers. I made this website for your business! Check it out here:,https://plumber-taupe.vercel.app/?site_id=pamplinservices,No confident estimation,https://plumber-taupe.vercel.app/?site_id=pamplinservices
,Nowlins Handyman Service,+1 870-820-5300,"plumber, 71745, Harrell, AR, US",Steve Nowlin,Hey Steve! My name is Jared - I live in Little Rock and help out local plumbers. I made this website for your business! Check it out here:,https://plumber-taupe.vercel.app/?site_id=nowlinshandymanservice,No confident estimation,https://plumber-taupe.vercel.app/?site_id=nowlinshandymanservice
,Crabtree Plumbing,+1 870-461-1051,"plumber, 71748, Ivan, AR, US",Justin Crabtree,Hey Justin! My name is Jared - I live in Little Rock and help out local plumbers. I made this website for your business! Check it out here:,https://plumber-taupe.vercel.app/?site_id=crabtreeplumbing,Justin Justin,https://plumber-taupe.vercel.app/?site_id=crabtreeplumbing
,LaRue Plumbing Inc,+1 870-557-2606,"plumber, 71751, Louann, AR, US",Steven LaRue,Hey Steven! My name is Jared - I live in Little Rock and help out local plumbers. I made this website for your business! Check it out here:,https://plumber-taupe.vercel.app/?site_id=larueplumbinginc,Steve Steve,https://plumber-taupe.vercel.app/?site_id=larueplumbinginc
,Luyet Plumbing Co.,+1 501-315-6300,"plumber, 71751, Louann, AR, US",,Hey ! My name is Jared - I live in Little Rock and help out local plumbers. I made this website for your business! Check it out here:,https://plumber-taupe.vercel.app/?site_id=luyetplumbingco,No confident estimation,https://plumber-taupe.vercel.app/?site_id=luyetplumbingco.
,"Josh Wilburn Plumbing, LLC",+1 501-472-0677,"plumber, 71751, Louann, AR, US",,Hey ! My name is Jared - I live in Little Rock and help out local plumbers. I made this website for your business! Check it out here:,https://plumber-taupe.vercel.app/?site_id=joshwilburnplumbingllc,No confident estimation,"https://plumber-taupe.vercel.app/?site_id=joshwilburnplumbing,llc"
,Southern Quality Home Inspections LLC,+1 501-545-8497,"plumber, 71751, Louann, AR, US",,Hey ! My name is Jared - I live in Little Rock and help out local plumbers. I made this website for your business! Check it out here:,https://plumber-taupe.vercel.app/?site_id=southernqualityhomeinspectionsllc,Bradley,https://plumber-taupe.vercel.app/?site_id=southernqualityhomeinspectionsllc
,Hudman Contracting LLC,+1 870-212-8372,"plumber, 71758, Mount Holly, AR, US",,Hey ! My name is Jared - I live in Little Rock and help out local plumbers. I made this website for your business! Check it out here:,https://plumber-taupe.vercel.app/?site_id=hudmancontractingllc,No confident estimation,https://plumber-taupe.vercel.app/?site_id=hudmancontractingllc
,Chris Green Plumbing,+1 870-949-2277,"plumber, 71770, Waldo, AR, US",,Hey ! My name is Jared - I live in Little Rock and help out local plumbers. I made this website for your business! Check it out here:,https://plumber-taupe.vercel.app/?site_id=chrisgreenplumbing,No confident estimation,https://plumber-taupe.vercel.app/?site_id=chrisgreenplumbing
,ALL CLEAR ROOTER,+1 870-403-8873,"plumber, 71772, Whelen Springs, AR, US",,Hey ! My name is Jared - I live in Little Rock and help out local plumbers. I made this website for your business! Check it out here:,https://plumber-taupe.vercel.app/?site_id=allclearrooter,No confident estimation,https://plumber-taupe.vercel.app/?site_id=allclearrooter
,Nichols Plumbing Services,+1 870-703-9056,"plumber, 71801, Hope, AR, US",,Hey ! My name is Jared - I live in Little Rock and help out local plumbers. I made this website for your business! Check it out here:,https://plumber-taupe.vercel.app/?site_id=nicholsplumbingservices,No confident estimation,https://plumber-taupe.vercel.app/?site_id=nicholsplumbingservices
,Plumb Crazy,+1 903-826-4369,"plumber, 71820, Alleene, AR, US",,Hey ! My name is Jared - I live in Little Rock and help out local plumbers. I made this website for your business! Check it out here:,https://plumber-taupe.vercel.app/?site_id=plumbcrazy,No confident estimation,https://plumber-taupe.vercel.app/?site_id=plumbcrazy
,Evenflow Plumbing,+1 870-397-0019,"plumber, 71820, Alleene, AR, US",,Hey ! My name is Jared - I live in Little Rock and help out local plumbers. I made this website for your business! Check it out here:,https://plumber-taupe.vercel.app/?site_id=evenflowplumbing,Ben,https://plumber-taupe.vercel.app/?site_id=evenflowplumbing
,Benefit Plumbing,+1 870-571-3186,"plumber, 71822, Ashdown, AR, US",,Hey ! My name is Jared - I live in Little Rock and help out local plumbers. I made this website for your business! Check it out here:,https://plumber-taupe.vercel.app/?site_id=benefitplumbing,No confident estimation,https://plumber-taupe.vercel.app/?site_id=benefitplumbing
,A-P Builders,+1 870-828-0503,"plumber, 71825, Blevins, AR, US",,Hey ! My name is Jared - I live in Little Rock and help out local plumbers. I made this website for your business! Check it out here:,https://plumber-taupe.vercel.app/?site_id=apbuilders,No confident estimation,https://plumber-taupe.vercel.app/?site_id=a-pbuilders
,J&s handyman and lawn Service,+1 903-490-8343,"plumber, 71831, Columbus, AR, US",,Hey ! My name is Jared - I live in Little Rock and help out local plumbers. I made this website for your business! Check it out here:,https://plumber-taupe.vercel.app/?site_id=jshandymanandlawnservice,No confident estimation,https://plumber-taupe.vercel.app/?site_id=j&shandymanandlawnservice
,"Elite Mechanical Services, LLC",+1 870-260-8426,"plumber, 71833, Dierks, AR, US",,Hey ! My name is Jared - I live in Little Rock and help out local plumbers. I made this website for your business! Check it out here:,https://plumber-taupe.vercel.app/?site_id=elitemechanicalservicesllc,HVAC Brant,"https://plumber-taupe.vercel.app/?site_id=elitemechanicalservices,llc"
,NEWTON PLUMBING SOLUTIONS,+1 903-490-1844,"plumber, 71837, Fouke, AR, US",,Hey ! My name is Jared - I live in Little Rock and help out local plumbers. I made this website for your business! Check it out here:,https://plumber-taupe.vercel.app/?site_id=newtonplumbingsolutions,Brian Brian,https://plumber-taupe.vercel.app/?site_id=newtonplumbingsolutions
,Pam's Premier Construction,+1 903-336-0507,"plumber, 71840, Genoa, AR, US",,Hey ! My name is Jared - I live in Little Rock and help out local plumbers. I made this website for your business! Check it out here:,https://plumber-taupe.vercel.app/?site_id=pamspremierconstruction,No confident estimation,https://plumber-taupe.vercel.app/?site_id=pam'spremierconstruction
,Taylor home repair LLC,+1 870-845-9251,"plumber, 71845, Lewisville, AR, US",,Hey ! My name is Jared - I live in Little Rock and help out local plumbers. I made this website for your business! Check it out here:,https://plumber-taupe.vercel.app/?site_id=taylorhomerepairllc,No confident estimation,https://plumber-taupe.vercel.app/?site_id=taylorhomerepairllc
,Brewton Plumbing Service LLC,+1 870-784-3313,"plumber, 71846, Lockesburg, AR, US",,Hey ! My name is Jared - I live in Little Rock and help out local plumbers. I made this website for your business! Check it out here:,https://plumber-taupe.vercel.app/?site_id=brewtonplumbingservicellc,Jake Jorge,https://plumber-taupe.vercel.app/?site_id=brewtonplumbingservicellc
,Trenchless Leak Detection,+1 479-459-4283,"plumber, 72952, Rudy, AR, US",,Hey ! My name is Jared - I live in Little Rock and help out local plumbers. I made this website for your business! Check it out here:,https://plumber-taupe.vercel.app/?site_id=trenchlessleakdetection,No confident estimation,https://plumber-taupe.vercel.app/?site_id=trenchlessleakdetection
,Mc Bride Plumbing Inc,+1 479-651-6022,"plumber, 72952, Rudy, AR, US",,Hey ! My name is Jared - I live in Little Rock and help out local plumbers. I made this website for your business! Check it out here:,https://plumber-taupe.vercel.app/?site_id=mcbrideplumbinginc,No confident estimation,https://plumber-taupe.vercel.app/?site_id=mcbrideplumbinginc
,MB Plumbing LLC,+1 479-883-8363,"plumber, 72955, Uniontown, AR, US",,Hey ! My name is Jared - I live in Little Rock and help out local plumbers. I made this website for your business! Check it out here:,https://plumber-taupe.vercel.app/?site_id=mbplumbingllc,No confident estimation,https://plumber-taupe.vercel.app/?site_id=mbplumbingllc
,Cole Plumbing and Repair Services,+1 479-388-8989,"plumber, 72955, Uniontown, AR, US",,Hey ! My name is Jared - I live in Little Rock and help out local plumbers. I made this website for your business! Check it out here:,https://plumber-taupe.vercel.app/?site_id=coleplumbingandrepairservices,No confident estimation,https://plumber-taupe.vercel.app/?site_id=coleplumbingandrepairservices
,Winters Plumbing,+1 479-461-8137,"plumber, 72955, Uniontown, AR, US",,Hey ! My name is Jared - I live in Little Rock and help out local plumbers. I made this website for your business! Check it out here:,https://plumber-taupe.vercel.app/?site_id=wintersplumbing,No confident estimation,https://plumber-taupe.vercel.app/?site_id=wintersplumbing
,T & W Plumbing Services,+1 479-739-0345,"plumber, 72955, Uniontown, AR, US",,Hey ! My name is Jared - I live in Little Rock and help out local plumbers. I made this website for your business! Check it out here:,https://plumber-taupe.vercel.app/?site_id=twplumbingservices,Wadie,https://plumber-taupe.vercel.app/?site_id=t&wplumbingservices
,Stacy's Plumbing LLC,+1 479-462-8917,"plumber, 72955, Uniontown, AR, US",,Hey ! My name is Jared - I live in Little Rock and help out local plumbers. I made this website for your business! Check it out here:,https://plumber-taupe.vercel.app/?site_id=stacysplumbingllc,No confident estimation,https://plumber-taupe.vercel.app/?site_id=stacy'splumbingllc
,Troy Reynolds Plumbing,+1 479-883-5824,"plumber, 72955, Uniontown, AR, US",,Hey ! My name is Jared - I live in Little Rock and help out local plumbers. I made this website for your business! Check it out here:,https://plumber-taupe.vercel.app/?site_id=troyreynoldsplumbing,No confident estimation,https://plumber-taupe.vercel.app/?site_id=troyreynoldsplumbing
,Bi-State Drain Cleaning,+1 479-806-3768,"plumber, 72955, Uniontown, AR, US",,Hey ! My name is Jared - I live in Little Rock and help out local plumbers. I made this website for your business! Check it out here:,https://plumber-taupe.vercel.app/?site_id=bistatedraincleaning,Lewis,https://plumber-taupe.vercel.app/?site_id=bi-statedraincleaning
,Jerry's Drain Services,+1 479-883-3170,"plumber, 72955, Uniontown, AR, US",,Hey ! My name is Jared - I live in Little Rock and help out local plumbers. I made this website for your business! Check it out here:,https://plumber-taupe.vercel.app/?site_id=jerrysdrainservices,No confident estimation,https://plumber-taupe.vercel.app/?site_id=jerry'sdrainservices
,Bobby's Plumbing Services Inc,+1 479-783-0010,"plumber, 72955, Uniontown, AR, US",,Hey ! My name is Jared - I live in Little Rock and help out local plumbers. I made this website for your business! Check it out here:,https://plumber-taupe.vercel.app/?site_id=bobbysplumbingservicesinc,No confident estimation,https://plumber-taupe.vercel.app/?site_id=bobby'splumbingservicesinc
,Plumbing Technologies,+1 479-648-3749,"plumber, 72955, Uniontown, AR, US",,Hey ! My name is Jared - I live in Little Rock and help out local plumbers. I made this website for your business! Check it out here:,https://plumber-taupe.vercel.app/?site_id=plumbingtechnologies,No confident estimation,https://plumber-taupe.vercel.app/?site_id=plumbingtechnologies
,Stacys Plumbing LLC,+1 479-414-0882,"plumber, 72955, Uniontown, AR, US",,Hey ! My name is Jared - I live in Little Rock and help out local plumbers. I made this website for your business! Check it out here:,https://plumber-taupe.vercel.app/?site_id=stacysplumbingllc,No confident estimation,https://plumber-taupe.vercel.app/?site_id=stacysplumbingllc
,GRADE A PLUMBING,+1 479-883-5824,"plumber, 72955, Uniontown, AR, US",,Hey ! My name is Jared - I live in Little Rock and help out local plumbers. I made this website for your business! Check it out here:,https://plumber-taupe.vercel.app/?site_id=gradeaplumbing,Sean,https://plumber-taupe.vercel.app/?site_id=gradeaplumbing
,Richard Johnson Plumbing Co,+1 479-217-4262,"plumber, 72955, Uniontown, AR, US",,Hey ! My name is Jared - I live in Little Rock and help out local plumbers. I made this website for your business! Check it out here:,https://plumber-taupe.vercel.app/?site_id=richardjohnsonplumbingco,No confident estimation,https://plumber-taupe.vercel.app/?site_id=richardjohnsonplumbingco
,"Winters Plumbing, LLC",+1 918-456-1960,"plumber, 72955, Uniontown, AR, US",,Hey ! My name is Jared - I live in Little Rock and help out local plumbers. I made this website for your business! Check it out here:,https://plumber-taupe.vercel.app/?site_id=wintersplumbingllc,John Weston,"https://plumber-taupe.vercel.app/?site_id=wintersplumbing,llc"
,Ricks Plumbing,+1 479-739-0345,"plumber, 72955, Uniontown, AR, US",,Hey ! My name is Jared - I live in Little Rock and help out local plumbers. I made this website for your business! Check it out here:,https://plumber-taupe.vercel.app/?site_id=ricksplumbing,No confident estimation,https://plumber-taupe.vercel.app/?site_id=ricksplumbing
,Have Tools - Will Travel,+1 479-459-2931,"plumber, 72955, Uniontown, AR, US",,Hey ! My name is Jared - I live in Little Rock and help out local plumbers. I made this website for your business! Check it out here:,https://plumber-taupe.vercel.app/?site_id=havetoolswilltravel,No confident estimation,https://plumber-taupe.vercel.app/?site_id=havetools-willtravel
,MOYER & TURNER & HEVNER CONTRACTING,+1 479-926-9452,"plumber, 72955, Uniontown, AR, US",,Hey ! My name is Jared - I live in Little Rock and help out local plumbers. I made this website for your business! Check it out here:,https://plumber-taupe.vercel.app/?site_id=moyerturnerhevnercontracting,No confident estimation,https://plumber-taupe.vercel.app/?site_id=moyer&turner&hevnercontracting
,Fort Smith Handyman,+1 479-929-5741,"plumber, 72955, Uniontown, AR, US",,Hey ! My name is Jared - I live in Little Rock and help out local plumbers. I made this website for your business! Check it out here:,https://plumber-taupe.vercel.app/?site_id=fortsmithhandyman,No,https://plumber-taupe.vercel.app/?site_id=fortsmithhandyman
,Jesse Pigeon Plumbing LLC,+1 479-651-9863,"plumber, 72955, Uniontown, AR, US",,Hey ! My name is Jared - I live in Little Rock and help out local plumbers. I made this website for your business! Check it out here:,https://plumber-taupe.vercel.app/?site_id=jessepigeonplumbingllc,Jessie,https://plumber-taupe.vercel.app/?site_id=jessepigeonplumbingllc
,Bates renovations llc,+1 479-256-1139,"plumber, 72955, Uniontown, AR, US",,Hey ! My name is Jared - I live in Little Rock and help out local plumbers. I made this website for your business! Check it out here:,https://plumber-taupe.vercel.app/?site_id=batesrenovationsllc,No confident estimation,https://plumber-taupe.vercel.app/?site_id=batesrenovationsllc
,Parrish Plumbing,+1 479-217-0284,"plumber, 72955, Uniontown, AR, US",,Hey ! My name is Jared - I live in Little Rock and help out local plumbers. I made this website for your business! Check it out here:,https://plumber-taupe.vercel.app/?site_id=parrishplumbing,No confident estimation,https://plumber-taupe.vercel.app/?site_id=parrishplumbing
,Hawkins Plumbing,+1 479-353-7144,"plumber, 72956, Van Buren, AR, US",,Hey ! My name is Jared - I live in Little Rock and help out local plumbers. I made this website for your business! Check it out here:,https://plumber-taupe.vercel.app/?site_id=hawkinsplumbing,Travis,https://plumber-taupe.vercel.app/?site_id=hawkinsplumbing
,B &T Plumbing Inc,+1 479-461-8347,"plumber, 72958, Waldron, AR, US",,Hey ! My name is Jared - I live in Little Rock and help out local plumbers. I made this website for your business! Check it out here:,https://plumber-taupe.vercel.app/?site_id=btplumbinginc,No confident estimation,https://plumber-taupe.vercel.app/?site_id=b&tplumbinginc
,James Shockey Plumbing Plus,+1 501-617-5532,"plumber, 72958, Waldron, AR, US",,Hey ! My name is Jared - I live in Little Rock and help out local plumbers. I made this website for your business! Check it out here:,https://plumber-taupe.vercel.app/?site_id=jamesshockeyplumbingplus,No confident estimation,https://plumber-taupe.vercel.app/?site_id=jamesshockeyplumbingplus
,Arkansas Plumbing Services,+1 501-519-6850,"plumber, 72958, Waldron, AR, US",,Hey ! My name is Jared - I live in Little Rock and help out local plumbers. I made this website for your business! Check it out here:,https://plumber-taupe.vercel.app/?site_id=arkansasplumbingservices,No confident estimation,https://plumber-taupe.vercel.app/?site_id=arkansasplumbingservices
,Absolute Backflow Prevention,+1 479-518-8365,"plumber, 72958, Waldron, AR, US",,Hey ! My name is Jared - I live in Little Rock and help out local plumbers. I made this website for your business! Check it out here:,https://plumber-taupe.vercel.app/?site_id=absolutebackflowprevention,No confident estimation,https://plumber-taupe.vercel.app/?site_id=absolutebackflowprevention
,Lewis Heating & Air Conditioning LLC,+1 479-477-2425,"plumber, 72958, Waldron, AR, US",,Hey ! My name is Jared - I live in Little Rock and help out local plumbers. I made this website for your business! Check it out here:,https://plumber-taupe.vercel.app/?site_id=lewisheatingairconditioningllc,No confident estimation,https://plumber-taupe.vercel.app/?site_id=lewisheating&airconditioningllc
,"Hawg Country Plumbing & Drain, LLC",+1 479-629-0560,"plumber, 72958, Waldron, AR, US",,Hey ! My name is Jared - I live in Little Rock and help out local plumbers. I made this website for your business! Check it out here:,https://plumber-taupe.vercel.app/?site_id=hawgcountryplumbingdrainllc,Michael Michael,"https://plumber-taupe.vercel.app/?site_id=hawgcountryplumbing&drain,llc"
,Hook Mechanical LLC,+1 479-236-0864,"plumber, 72959, Winslow, AR, US",,Hey ! My name is Jared - I live in Little Rock and help out local plumbers. I made this website for your business! Check it out here:,https://plumber-taupe.vercel.app/?site_id=hookmechanicalllc,No confident estimation,https://plumber-taupe.vercel.app/?site_id=hookmechanicalllc
,5 Star Plumbing Services Inc,+1 479-200-6998,"plumber, 72959, Winslow, AR, US",,Hey ! My name is Jared - I live in Little Rock and help out local plumbers. I made this website for your business! Check it out here:,https://plumber-taupe.vercel.app/?site_id=5starplumbingservicesinc,No confident estimation,https://plumber-taupe.vercel.app/?site_id=5starplumbingservicesinc
,Knock Out plumbing & services LLC,+1 501-388-2700,"plumber, 72052, Garner, AR, US",,Hey ! My name is Jared - I live in Little Rock and help out local plumbers. I made this website for your business! Check it out here:,https://plumber-taupe.vercel.app/?site_id=knockoutplumbingservicesllc,No confident estimation,https://plumber-taupe.vercel.app/?site_id=knockoutplumbing&servicesllc
,Whitney Plumbing Solutions,+1 501-858-7367,"plumber, 72052, Garner, AR, US",,Hey ! My name is Jared - I live in Little Rock and help out local plumbers. I made this website for your business! Check it out here:,https://plumber-taupe.vercel.app/?site_id=whitneyplumbingsolutions,No confident estimation,https://plumber-taupe.vercel.app/?site_id=whitneyplumbingsolutions
,Francis Dwyer Plumbing,+1 501-628-2916,"plumber, 72052, Garner, AR, US",,Hey ! My name is Jared - I live in Little Rock and help out local plumbers. I made this website for your business! Check it out here:,https://plumber-taupe.vercel.app/?site_id=francisdwyerplumbing,No confident estimation,https://plumber-taupe.vercel.app/?site_id=francisdwyerplumbing
,"Hankins Plumbing, LLC",+1 501-514-4390,"plumber, 72053, College Station, AR, US",,Hey ! My name is Jared - I live in Little Rock and help out local plumbers. I made this website for your business! Check it out here:,https://plumber-taupe.vercel.app/?site_id=hankinsplumbingllc,No confident estimation,"https://plumber-taupe.vercel.app/?site_id=hankinsplumbing,llc"
,Full Coverage Irrigation and Plumbing,+1 870-489-2878,"plumber, 72057, Grapevine, AR, US",,Hey ! My name is Jared - I live in Little Rock and help out local plumbers. I made this website for your business! Check it out here:,https://plumber-taupe.vercel.app/?site_id=fullcoverageirrigationandplumbing,No confident estimation,https://plumber-taupe.vercel.app/?site_id=fullcoverageirrigationandplumbing
,Shelton Graham Handyman,+1 501-744-6511,"plumber, 72057, Grapevine, AR, US",,Hey ! My name is Jared - I live in Little Rock and help out local plumbers. I made this website for your business! Check it out here:,https://plumber-taupe.vercel.app/?site_id=sheltongrahamhandyman,No confident estimation,https://plumber-taupe.vercel.app/?site_id=sheltongrahamhandyman
,A-Plus Plumbing & Mechanical,+1 501-551-0258,"plumber, 72057, Grapevine, AR, US",,Hey ! My name is Jared - I live in Little Rock and help out local plumbers. I made this website for your business! Check it out here:,https://plumber-taupe.vercel.app/?site_id=aplusplumbingmechanical,No confident estimation,https://plumber-taupe.vercel.app/?site_id=a-plusplumbing&mechanical
,Lee Smith Plumbing Co,+1 501-888-3897,"plumber, 72057, Grapevine, AR, US",,Hey ! My name is Jared - I live in Little Rock and help out local plumbers. I made this website for your business! Check it out here:,https://plumber-taupe.vercel.app/?site_id=leesmithplumbingco,No confident estimation,https://plumber-taupe.vercel.app/?site_id=leesmithplumbingco
,Cunningham Restoration LLC,+1 870-329-6177,"plumber, 72057, Grapevine, AR, US",,Hey ! My name is Jared - I live in Little Rock and help out local plumbers. I made this website for your business! Check it out here:,https://plumber-taupe.vercel.app/?site_id=cunninghamrestorationllc,Scott,https://plumber-taupe.vercel.app/?site_id=cunninghamrestorationllc
,All-Star Renovations,+1 501-314-9957,"plumber, 72058, Greenbrier, AR, US",,Hey ! My name is Jared - I live in Little Rock and help out local plumbers. I made this website for your business! Check it out here:,https://plumber-taupe.vercel.app/?site_id=allstarrenovations,No confident estimation,https://plumber-taupe.vercel.app/?site_id=all-starrenovations
,Palmer Plumbing LLC,+1 501-504-3398,"plumber, 72058, Greenbrier, AR, US",,Hey ! My name is Jared - I live in Little Rock and help out local plumbers. I made this website for your business! Check it out here:,https://plumber-taupe.vercel.app/?site_id=palmerplumbingllc,No confident estimation,https://plumber-taupe.vercel.app/?site_id=palmerplumbingllc
,Assure Fix Plumbing,+1 501-306-8143,"plumber, 72058, Greenbrier, AR, US",,Hey ! My name is Jared - I live in Little Rock and help out local plumbers. I made this website for your business! Check it out here:,https://plumber-taupe.vercel.app/?site_id=assurefixplumbing,Justin Jack,https://plumber-taupe.vercel.app/?site_id=assurefixplumbing
,B & B Plumbing,+1 501-327-3295,"plumber, 72058, Greenbrier, AR, US",,Hey ! My name is Jared - I live in Little Rock and help out local plumbers. I made this website for your business! Check it out here:,https://plumber-taupe.vercel.app/?site_id=bbplumbing,No confident estimation,https://plumber-taupe.vercel.app/?site_id=b&bplumbing
,Shebees Distributing,+1 501-258-6182,"plumber, 72058, Greenbrier, AR, US",,Hey ! My name is Jared - I live in Little Rock and help out local plumbers. I made this website for your business! Check it out here:,https://plumber-taupe.vercel.app/?site_id=shebeesdistributing,No confident estimation,https://plumber-taupe.vercel.app/?site_id=shebeesdistributing
Called at 7:03 P.M. and it went straight to voicemail with no voicemail box message so I'll have to call back.,General Contracting Services Inc,+1 870-656-1035,"plumber, 72058, Greenbrier, AR, US",,Hey ! My name is Jared - I live in Little Rock and help out local plumbers. I made this website for your business! Check it out here:,https://plumber-taupe.vercel.app/?site_id=generalcontractingservicesinc,No confident estimation,https://plumber-taupe.vercel.app/?site_id=generalcontractingservicesinc
"Called at 7:00 P.M. and it went to voicemail but it picked up ""GCS Plumbing"" on the voicemail. It may be the same person above.",David's Septic & Pumping,+1 501-851-8355,"plumber, 72058, Greenbrier, AR, US",,Hey ! My name is Jared - I live in Little Rock and help out local plumbers. I made this website for your business! Check it out here:,https://plumber-taupe.vercel.app/?site_id=davidssepticpumping,No confident estimation,https://plumber-taupe.vercel.app/?site_id=david'sseptic&pumping
Called at 6:50 P.M. and was not open to anything I had to say and said he only works off word of mouth.,Arkansas Home Solutions,+1 501-428-2611,"plumber, 72058, Greenbrier, AR, US",David Bowie,Hey David Bowie! My name is Jared - I live in Little Rock and help out local plumbers. I made this website for your business! Check it out here:,https://plumber-taupe.vercel.app/?site_id=arkansashomesolutions,No confident estimation,https://plumber-taupe.vercel.app/?site_id=arkansashomesolutions
Called at 6:58 P.M. and it went straight to voicemail. I believe this is current working number for the below business or the family member of.,Goff Plumbing & Sprinkler Co,+1 501-472-1510,"plumber, 72058, Greenbrier, AR, US",,Hey ! My name is Jared - I live in Little Rock and help out local plumbers. I made this website for your business! Check it out here:,https://plumber-taupe.vercel.app/?site_id=goffplumbingsprinklerco,No confident estimation,https://plumber-taupe.vercel.app/?site_id=goffplumbing&sprinklerco
Called at 6:54 P.M and the number has been changed and or disconnected,ABC solution,+1 501-831-5179,"plumber, 72058, Greenbrier, AR, US",Larry Goff,Hey ! My name is Jared - I live in Little Rock and help out local plumbers. I made this website for your business! Check it out here:,https://plumber-taupe.vercel.app/?site_id=abcsolution,No confident estimation,https://plumber-taupe.vercel.app/?site_id=abcsolution
,Kari’s Remodeling & Construction,+1 501-697-1923,"plumber, 72058, Greenbrier, AR, US",,Hey ! My name is Jared - I live in Little Rock and help out local plumbers. I made this website for your business! Check it out here:,https://plumber-taupe.vercel.app/?site_id=karisremodelingconstruction,No confident estimation,https://plumber-taupe.vercel.app/?site_id=kari’sremodeling&construction
,Evins Tree and Handyman,+1 916-871-7885,"plumber, 72058, Greenbrier, AR, US",,Hey ! My name is Jared - I live in Little Rock and help out local plumbers. I made this website for your business! Check it out here:,https://plumber-taupe.vercel.app/?site_id=evinstreeandhandyman,No confident estimation,https://plumber-taupe.vercel.app/?site_id=evinstreeandhandyman
,M.C.Plumbing Solutions,+1 501-206-6107,"plumber, 72058, Greenbrier, AR, US",,Hey ! My name is Jared - I live in Little Rock and help out local plumbers. I made this website for your business! Check it out here:,https://plumber-taupe.vercel.app/?site_id=mcplumbingsolutions,No confident estimation,https://plumber-taupe.vercel.app/?site_id=m.c.plumbingsolutions
,Triton Plumbing & Gas,+1 870-317-1725,"plumber, 72059, Gregory, AR, US",,Hey ! My name is Jared - I live in Little Rock and help out local plumbers. I made this website for your business! Check it out here:,https://plumber-taupe.vercel.app/?site_id=tritonplumbinggas,No confident estimation,https://plumber-taupe.vercel.app/?site_id=tritonplumbing&gas
,Lyle's Plumbing Service,+1 501-283-5197,"plumber, 72059, Gregory, AR, US",,Hey ! My name is Jared - I live in Little Rock and help out local plumbers. I made this website for your business! Check it out here:,https://plumber-taupe.vercel.app/?site_id=lylesplumbingservice,No confident estimation,https://plumber-taupe.vercel.app/?site_id=lyle'splumbingservice
,Jeff Brewer Plumbing Inc.,+1 501-606-0799,"plumber, 72059, Gregory, AR, US",,Hey ! My name is Jared - I live in Little Rock and help out local plumbers. I made this website for your business! Check it out here:,https://plumber-taupe.vercel.app/?site_id=jeffbrewerplumbinginc,No confident estimation,https://plumber-taupe.vercel.app/?site_id=jeffbrewerplumbinginc.
,Mullen Plumbing,+1 501-259-4024,"plumber, 72059, Gregory, AR, US",,Hey ! My name is Jared - I live in Little Rock and help out local plumbers. I made this website for your business! Check it out here:,https://plumber-taupe.vercel.app/?site_id=mullenplumbing,No confident estimation,https://plumber-taupe.vercel.app/?site_id=mullenplumbing
,A-1 Backflow Testing,+1 501-691-9220,"plumber, 72060, Griffithville, AR, US",,Hey ! My name is Jared - I live in Little Rock and help out local plumbers. I made this website for your business! Check it out here:,https://plumber-taupe.vercel.app/?site_id=a1backflowtesting,No confident estimation,https://plumber-taupe.vercel.app/?site_id=a-1backflowtesting
,Keener Plumbing LLC,+1 501-681-7971,"plumber, 72060, Griffithville, AR, US",,Hey ! My name is Jared - I live in Little Rock and help out local plumbers. I made this website for your business! Check it out here:,https://plumber-taupe.vercel.app/?site_id=keenerplumbingllc,Remington Remington,https://plumber-taupe.vercel.app/?site_id=keenerplumbingllc
,K Nelson Plumbing,+1 501-733-9835,"plumber, 72061, Guy, AR, US",,Hey ! My name is Jared - I live in Little Rock and help out local plumbers. I made this website for your business! Check it out here:,https://plumber-taupe.vercel.app/?site_id=knelsonplumbing,No confident estimation,https://plumber-taupe.vercel.app/?site_id=knelsonplumbing
,Gen-Co Plumbing & Electrical,+1 501-286-7955,"plumber, 72061, Guy, AR, US",,Hey ! My name is Jared - I live in Little Rock and help out local plumbers. I made this website for your business! Check it out here:,https://plumber-taupe.vercel.app/?site_id=gencoplumbingelectrical,No confident estimation,https://plumber-taupe.vercel.app/?site_id=gen-coplumbing&electrical
,SC Plumbing,+1 501-215-1999,"plumber, 72063, Hattieville, AR, US",,Hey ! My name is Jared - I live in Little Rock and help out local plumbers. I made this website for your business! Check it out here:,https://plumber-taupe.vercel.app/?site_id=scplumbing,No confident estimation,https://plumber-taupe.vercel.app/?site_id=scplumbing
,Dan Owens Company Inc. Plumbing Division,+1 479-223-3780,"plumber, 72063, Hattieville, AR, US",,Hey ! My name is Jared - I live in Little Rock and help out local plumbers. I made this website for your business! Check it out here:,https://plumber-taupe.vercel.app/?site_id=danowenscompanyincplumbingdivision,No confident estimation,https://plumber-taupe.vercel.app/?site_id=danowenscompanyinc.plumbingdivision
,A Royal Flush Plumbing,+1 479-264-1651,"plumber, 72063, Hattieville, AR, US",,Hey ! My name is Jared - I live in Little Rock and help out local plumbers. I made this website for your business! Check it out here:,https://plumber-taupe.vercel.app/?site_id=aroyalflushplumbing,No confident estimation,https://plumber-taupe.vercel.app/?site_id=aroyalflushplumbing
,Sam's Plumbing,+1 479-264-8344,"plumber, 72063, Hattieville, AR, US",,Hey ! My name is Jared - I live in Little Rock and help out local plumbers. I made this website for your business! Check it out here:,https://plumber-taupe.vercel.app/?site_id=samsplumbing,No confident estimation,https://plumber-taupe.vercel.app/?site_id=sam'splumbing
,plumbing,+1 501-412-1315,"plumber, 72065, Hensley, AR, US",,Hey ! My name is Jared - I live in Little Rock and help out local plumbers. I made this website for your business! Check it out here:,https://plumber-taupe.vercel.app/?site_id=plumbing,No confident estimation,https://plumber-taupe.vercel.app/?site_id=plumbing
,Affordable handyman services,+1 501-249-7700,"plumber, 72066, Hickory Plains, AR, US",,Hey ! My name is Jared - I live in Little Rock and help out local plumbers. I made this website for your business! Check it out here:,https://plumber-taupe.vercel.app/?site_id=affordablehandymanservices,No confident estimation,https://plumber-taupe.vercel.app/?site_id=affordablehandymanservices
,Hall Plumbing,+1 501-286-9073,"plumber, 72066, Hickory Plains, AR, US",,Hey ! My name is Jared - I live in Little Rock and help out local plumbers. I made this website for your business! Check it out here:,https://plumber-taupe.vercel.app/?site_id=hallplumbing,No confident estimation,https://plumber-taupe.vercel.app/?site_id=hallplumbing
,Accuracy Heat & Air LLC,+1 501-888-2518,"plumber, 72066, Hickory Plains, AR, US",,Hey ! My name is Jared - I live in Little Rock and help out local plumbers. I made this website for your business! Check it out here:,https://plumber-taupe.vercel.app/?site_id=accuracyheatairllc,Ray,https://plumber-taupe.vercel.app/?site_id=accuracyheat&airllc
,Hanson Home Improvements,+1 501-230-3236,"plumber, 72068, Higginson, AR, US",,Hey ! My name is Jared - I live in Little Rock and help out local plumbers. I made this website for your business! Check it out here:,https://plumber-taupe.vercel.app/?site_id=hansonhomeimprovements,No confident estimation,https://plumber-taupe.vercel.app/?site_id=hansonhomeimprovements
,Phoenix Rising Professional Handyman Services,+1 870-717-2568,"plumber, 72073, Humphrey, AR, US",,Hey ! My name is Jared - I live in Little Rock and help out local plumbers. I made this website for your business! Check it out here:,https://plumber-taupe.vercel.app/?site_id=phoenixrisingprofessionalhandymanservices,No confident estimation,https://plumber-taupe.vercel.app/?site_id=phoenixrisingprofessionalhandymanservices
,Chris's Custom Contracting and Painting,+1 870-340-8003,"plumber, 72074, Hunter, AR, US",,Hey ! My name is Jared - I live in Little Rock and help out local plumbers. I made this website for your business! Check it out here:,https://plumber-taupe.vercel.app/?site_id=chrisscustomcontractingandpainting,No confident estimation,https://plumber-taupe.vercel.app/?site_id=chris'scustomcontractingandpainting
,1st call plumbing and rooter service,+1 585-378-6510,"plumber, 72075, Jacksonport, AR, US",,Hey ! My name is Jared - I live in Little Rock and help out local plumbers. I made this website for your business! Check it out here:,https://plumber-taupe.vercel.app/?site_id=1stcallplumbingandrooterservice,Brandon Brandon,https://plumber-taupe.vercel.app/?site_id=1stcallplumbingandrooterservice
,Vick Plumbing,+1 501-772-7352,"plumber, 72076, Jacksonville, AR, US",,Hey ! My name is Jared - I live in Little Rock and help out local plumbers. I made this website for your business! Check it out here:,https://plumber-taupe.vercel.app/?site_id=vickplumbing,No confident estimation,https://plumber-taupe.vercel.app/?site_id=vickplumbing
,Calhoun Electric Inc,+1 501-286-0072,"plumber, 72076, Jacksonville, AR, US",,Hey ! My name is Jared - I live in Little Rock and help out local plumbers. I made this website for your business! Check it out here:,https://plumber-taupe.vercel.app/?site_id=calhounelectricinc,No confident estimation,https://plumber-taupe.vercel.app/?site_id=calhounelectricinc
,Jones home improvements,+1 501-982-5686,"plumber, 72078, Jacksonville, AR, US",,Hey ! My name is Jared - I live in Little Rock and help out local plumbers. I made this website for your business! Check it out here:,https://plumber-taupe.vercel.app/?site_id=joneshomeimprovements,No confident estimation,https://plumber-taupe.vercel.app/?site_id=joneshomeimprovements
,Rocky's Garage,+1 501-442-4075,"plumber, 72081, Judsonia, AR, US",,Hey ! My name is Jared - I live in Little Rock and help out local plumbers. I made this website for your business! Check it out here:,https://plumber-taupe.vercel.app/?site_id=rockysgarage,WITH SOMETHING,https://plumber-taupe.vercel.app/?site_id=rocky'sgarage
,Carpenter's Carpentry,+1 501-473-1648,"plumber, 72081, Judsonia, AR, US",,Hey ! My name is Jared - I live in Little Rock and help out local plumbers. I made this website for your business! Check it out here:,https://plumber-taupe.vercel.app/?site_id=carpenterscarpentry,No confident estimation,https://plumber-taupe.vercel.app/?site_id=carpenter'scarpentry
,Beardsley Plumbing,+1 501-388-8798,"plumber, 72081, Judsonia, AR, US",,Hey ! My name is Jared - I live in Little Rock and help out local plumbers. I made this website for your business! Check it out here:,https://plumber-taupe.vercel.app/?site_id=beardsleyplumbing,Jimmy Jimmy,https://plumber-taupe.vercel.app/?site_id=beardsleyplumbing
,All Drains,+1 501-270-6564,"plumber, 72081, Judsonia, AR, US",,Hey ! My name is Jared - I live in Little Rock and help out local plumbers. I made this website for your business! Check it out here:,https://plumber-taupe.vercel.app/?site_id=alldrains,No confident estimation,https://plumber-taupe.vercel.app/?site_id=alldrains
,Begley's Plumbing,+1 501-413-4548,"plumber, 72083, Keo, AR, US",,Hey ! My name is Jared - I live in Little Rock and help out local plumbers. I made this website for your business! Check it out here:,https://plumber-taupe.vercel.app/?site_id=begleysplumbing,No confident estimation,https://plumber-taupe.vercel.app/?site_id=begley'splumbing
,Hall's Affordable Plumbing,+1 501-960-8057,"plumber, 72083, Keo, AR, US",,Hey ! My name is Jared - I live in Little Rock and help out local plumbers. I made this website for your business! Check it out here:,https://plumber-taupe.vercel.app/?site_id=hallsaffordableplumbing,Brandon Brandon,https://plumber-taupe.vercel.app/?site_id=hall'saffordableplumbing
,Pro Rooter,+1 501-297-0723,"plumber, 72083, Keo, AR, US",,Hey ! My name is Jared - I live in Little Rock and help out local plumbers. I made this website for your business! Check it out here:,https://plumber-taupe.vercel.app/?site_id=prorooter,No confident estimation,https://plumber-taupe.vercel.app/?site_id=prorooter
,Diamond State Plumbing,+1 501-944-8367,"plumber, 72083, Keo, AR, US",,Hey ! My name is Jared - I live in Little Rock and help out local plumbers. I made this website for your business! Check it out here:,https://plumber-taupe.vercel.app/?site_id=diamondstateplumbing,YOU LL,https://plumber-taupe.vercel.app/?site_id=diamondstateplumbing
,Noble Industrial Services LLC.,+1 501-585-5454,"plumber, 72083, Keo, AR, US",,Hey ! My name is Jared - I live in Little Rock and help out local plumbers. I made this website for your business! Check it out here:,https://plumber-taupe.vercel.app/?site_id=nobleindustrialservicesllc,No confident estimation,https://plumber-taupe.vercel.app/?site_id=nobleindustrialservicesllc.
,L & L Pro Plumbing,+1 501-650-2802,"plumber, 72083, Keo, AR, US",,Hey ! My name is Jared - I live in Little Rock and help out local plumbers. I made this website for your business! Check it out here:,https://plumber-taupe.vercel.app/?site_id=llproplumbing,No confident estimation,https://plumber-taupe.vercel.app/?site_id=l&lproplumbing
,Davidbrooks Plumbing and Heating and Air,+1 501-708-8118,"plumber, 72083, Keo, AR, US",,Hey ! My name is Jared - I live in Little Rock and help out local plumbers. I made this website for your business! Check it out here:,https://plumber-taupe.vercel.app/?site_id=davidbrooksplumbingandheatingandair,Mr Brooks,https://plumber-taupe.vercel.app/?site_id=davidbrooksplumbingandheatingandair
,"Johnson, Gaylan Plumbing Service Inc.",+1 501-744-5403,"plumber, 72083, Keo, AR, US",,Hey ! My name is Jared - I live in Little Rock and help out local plumbers. I made this website for your business! Check it out here:,https://plumber-taupe.vercel.app/?site_id=johnsongaylanplumbingserviceinc,No confident estimation,"https://plumber-taupe.vercel.app/?site_id=johnson,gaylanplumbingserviceinc."
,"Rachal Facility Services, LLC",+1 501-413-7374,"plumber, 72083, Keo, AR, US",,Hey ! My name is Jared - I live in Little Rock and help out local plumbers. I made this website for your business! Check it out here:,https://plumber-taupe.vercel.app/?site_id=rachalfacilityservicesllc,Chris Christopher,"https://plumber-taupe.vercel.app/?site_id=rachalfacilityservices,llc"
,Creel Construction LLC,+1 501-350-6366,"plumber, 72083, Keo, AR, US",,Hey ! My name is Jared - I live in Little Rock and help out local plumbers. I made this website for your business! Check it out here:,https://plumber-taupe.vercel.app/?site_id=creelconstructionllc,No confident estimation,https://plumber-taupe.vercel.app/?site_id=creelconstructionllc
,Baker's Plumbing Service,+1 601-441-4675,"plumber, 72083, Keo, AR, US",,Hey ! My name is Jared - I live in Little Rock and help out local plumbers. I made this website for your business! Check it out here:,https://plumber-taupe.vercel.app/?site_id=bakersplumbingservice,No confident estimation,https://plumber-taupe.vercel.app/?site_id=baker'splumbingservice
,Down South Septic Service,+1 870-214-1018,"plumber, 72083, Keo, AR, US",,Hey ! My name is Jared - I live in Little Rock and help out local plumbers. I made this website for your business! Check it out here:,https://plumber-taupe.vercel.app/?site_id=downsouthsepticservice,No confident estimation,https://plumber-taupe.vercel.app/?site_id=downsouthsepticservice
,True Value Lawn and Home Services,+1 501-428-6868,"plumber, 72086, Lonoke, AR, US",,Hey ! My name is Jared - I live in Little Rock and help out local plumbers. I made this website for your business! Check it out here:,https://plumber-taupe.vercel.app/?site_id=truevaluelawnandhomeservices,Mark,https://plumber-taupe.vercel.app/?site_id=truevaluelawnandhomeservices
,Shannon Davis Plumbing,+1 501-554-6492,"plumber, 72086, Lonoke, AR, US",,Hey ! My name is Jared - I live in Little Rock and help out local plumbers. I made this website for your business! Check it out here:,https://plumber-taupe.vercel.app/?site_id=shannondavisplumbing,No confident estimation,https://plumber-taupe.vercel.app/?site_id=shannondavisplumbing
,Wolf's Plumbing,+1 501-617-3885,"plumber, 72087, Lonsdale, AR, US",,Hey ! My name is Jared - I live in Little Rock and help out local plumbers. I made this website for your business! Check it out here:,https://plumber-taupe.vercel.app/?site_id=wolfsplumbing,No confident estimation,https://plumber-taupe.vercel.app/?site_id=wolf'splumbing
,Honor & Doody Drain Service,+1 501-282-5363,"plumber, 72087, Lonsdale, AR, US",,Hey ! My name is Jared - I live in Little Rock and help out local plumbers. I made this website for your business! Check it out here:,https://plumber-taupe.vercel.app/?site_id=honordoodydrainservice,Jace,https://plumber-taupe.vercel.app/?site_id=honor&doodydrainservice
,Laneco Professional Plumbing,+1 501-551-0615,"plumber, 72087, Lonsdale, AR, US",,Hey ! My name is Jared - I live in Little Rock and help out local plumbers. I made this website for your business! Check it out here:,https://plumber-taupe.vercel.app/?site_id=lanecoprofessionalplumbing,NO NO,https://plumber-taupe.vercel.app/?site_id=lanecoprofessionalplumbing
,Lamb Plumbing LLC The Tattooed Plumber,+1 501-617-4666,"plumber, 72087, Lonsdale, AR, US",,Hey ! My name is Jared - I live in Little Rock and help out local plumbers. I made this website for your business! Check it out here:,https://plumber-taupe.vercel.app/?site_id=lambplumbingllcthetattooedplumber,Hot Springs,https://plumber-taupe.vercel.app/?site_id=lambplumbingllcthetattooedplumber
,Mitchell Plumbing LLC,+1 501-617-1271,"plumber, 72087, Lonsdale, AR, US",,Hey ! My name is Jared - I live in Little Rock and help out local plumbers. I made this website for your business! Check it out here:,https://plumber-taupe.vercel.app/?site_id=mitchellplumbingllc,Jarrod,https://plumber-taupe.vercel.app/?site_id=mitchellplumbingllc
,Chris Dyer Plumbing Inc,+1 501-249-6431,"plumber, 72087, Lonsdale, AR, US",,Hey ! My name is Jared - I live in Little Rock and help out local plumbers. I made this website for your business! Check it out here:,https://plumber-taupe.vercel.app/?site_id=chrisdyerplumbinginc,Thanks,https://plumber-taupe.vercel.app/?site_id=chrisdyerplumbinginc
,Brico Plumbing,+1 501-672-0452,"plumber, 72087, Lonsdale, AR, US",,Hey ! My name is Jared - I live in Little Rock and help out local plumbers. I made this website for your business! Check it out here:,https://plumber-taupe.vercel.app/?site_id=bricoplumbing,July On,https://plumber-taupe.vercel.app/?site_id=bricoplumbing
,Sims Plumbing LLC,+1 870-490-1424,"plumber, 72087, Lonsdale, AR, US",,Hey ! My name is Jared - I live in Little Rock and help out local plumbers. I made this website for your business! Check it out here:,https://plumber-taupe.vercel.app/?site_id=simsplumbingllc,No confident estimation,https://plumber-taupe.vercel.app/?site_id=simsplumbingllc
,C&D Drain Cleaning & Sewer Repairs,+1 501-326-2290,"plumber, 72087, Lonsdale, AR, US",,Hey ! My name is Jared - I live in Little Rock and help out local plumbers. I made this website for your business! Check it out here:,https://plumber-taupe.vercel.app/?site_id=cddraincleaningsewerrepairs,James,https://plumber-taupe.vercel.app/?site_id=c&ddraincleaning&sewerrepairs
,Tri-Lakes Pumping Service Septic,+1 501-860-4235,"plumber, 72087, Lonsdale, AR, US",,Hey ! My name is Jared - I live in Little Rock and help out local plumbers. I made this website for your business! Check it out here:,https://plumber-taupe.vercel.app/?site_id=trilakespumpingserviceseptic,No confident estimation,https://plumber-taupe.vercel.app/?site_id=tri-lakespumpingserviceseptic
,EZ Home Services,+1 501-318-7124,"plumber, 72087, Lonsdale, AR, US",,Hey ! My name is Jared - I live in Little Rock and help out local plumbers. I made this website for your business! Check it out here:,https://plumber-taupe.vercel.app/?site_id=ezhomeservices,No confident estimation,https://plumber-taupe.vercel.app/?site_id=ezhomeservices
,Premier Plumbing & Rooter,+1 501-276-7513,"plumber, 72087, Lonsdale, AR, US",,Hey ! My name is Jared - I live in Little Rock and help out local plumbers. I made this website for your business! Check it out here:,https://plumber-taupe.vercel.app/?site_id=premierplumbingrooter,No confident estimation,https://plumber-taupe.vercel.app/?site_id=premierplumbing&rooter
,Manning Construction Heat and Air,+1 501-231-0774,"plumber, 72089, Bryant, AR, US",,Hey ! My name is Jared - I live in Little Rock and help out local plumbers. I made this website for your business! Check it out here:,https://plumber-taupe.vercel.app/?site_id=manningconstructionheatandair,No confident estimation,https://plumber-taupe.vercel.app/?site_id=manningconstructionheatandair
,Ward Plumbing,+1 501-612-8848,"plumber, 72089, Bryant, AR, US",,Hey ! My name is Jared - I live in Little Rock and help out local plumbers. I made this website for your business! Check it out here:,https://plumber-taupe.vercel.app/?site_id=wardplumbing,No confident estimation,https://plumber-taupe.vercel.app/?site_id=wardplumbing
,I Rooter Arkansas,+1 501-860-2270,"plumber, 72089, Bryant, AR, US",,Hey ! My name is Jared - I live in Little Rock and help out local plumbers. I made this website for your business! Check it out here:,https://plumber-taupe.vercel.app/?site_id=irooterarkansas,No confident estimation,https://plumber-taupe.vercel.app/?site_id=irooterarkansas
,Handy Andy handyman services,+1 501-580-3238,"plumber, 72089, Bryant, AR, US",,Hey ! My name is Jared - I live in Little Rock and help out local plumbers. I made this website for your business! Check it out here:,https://plumber-taupe.vercel.app/?site_id=handyandyhandymanservices,Andrew,https://plumber-taupe.vercel.app/?site_id=handyandyhandymanservices
,Chance Services & Plumbing Company,+1 512-436-5077,"plumber, 72089, Bryant, AR, US",,Hey ! My name is Jared - I live in Little Rock and help out local plumbers. I made this website for your business! Check it out here:,https://plumber-taupe.vercel.app/?site_id=chanceservicesplumbingcompany,No confident estimation,https://plumber-taupe.vercel.app/?site_id=chanceservices&plumbingcompany
,Hancon,+1 501-412-1286,"plumber, 72099, Little Rock Air Force Base, AR, US",,Hey ! My name is Jared - I live in Little Rock and help out local plumbers. I made this website for your business! Check it out here:,https://plumber-taupe.vercel.app/?site_id=hancon,No confident estimation,https://plumber-taupe.vercel.app/?site_id=hancon
,Express Rooter,+1 501-690-3168,"plumber, 72099, Little Rock Air Force Base, AR, US",,Hey ! My name is Jared - I live in Little Rock and help out local plumbers. I made this website for your business! Check it out here:,https://plumber-taupe.vercel.app/?site_id=expressrooter,No confident estimation,https://plumber-taupe.vercel.app/?site_id=expressrooter
,Chuck's Plumbing,+1 501-744-4306,"plumber, 72099, Little Rock Air Force Base, AR, US",,Hey ! My name is Jared - I live in Little Rock and help out local plumbers. I made this website for your business! Check it out here:,https://plumber-taupe.vercel.app/?site_id=chucksplumbing,No confident estimation,https://plumber-taupe.vercel.app/?site_id=chuck'splumbing
,Rohan & Company Home Improvement Inc.,+1 501-520-1252,"plumber, 72099, Little Rock Air Force Base, AR, US",,Hey ! My name is Jared - I live in Little Rock and help out local plumbers. I made this website for your business! Check it out here:,https://plumber-taupe.vercel.app/?site_id=rohancompanyhomeimprovementinc,No confident estimation,https://plumber-taupe.vercel.app/?site_id=rohan&companyhomeimprovementinc.
,No delay landscaping,+1 501-410-7299,"plumber, 72099, Little Rock Air Force Base, AR, US",,Hey ! My name is Jared - I live in Little Rock and help out local plumbers. I made this website for your business! Check it out here:,https://plumber-taupe.vercel.app/?site_id=nodelaylandscaping,No confident estimation,https://plumber-taupe.vercel.app/?site_id=nodelaylandscaping
,JB'S Concrete & More,+1 501-424-6122,"plumber, 72099, Little Rock Air Force Base, AR, US",,Hey ! My name is Jared - I live in Little Rock and help out local plumbers. I made this website for your business! Check it out here:,https://plumber-taupe.vercel.app/?site_id=jbsconcretemore,No confident estimation,https://plumber-taupe.vercel.app/?site_id=jb'sconcrete&more
,Hale Structures LLC,+1 501-218-6555,"plumber, 72099, Little Rock Air Force Base, AR, US",,Hey ! My name is Jared - I live in Little Rock and help out local plumbers. I made this website for your business! Check it out here:,https://plumber-taupe.vercel.app/?site_id=halestructuresllc,No confident estimation,https://plumber-taupe.vercel.app/?site_id=halestructuresllc
,Jay's Handyman and Home Services,+1 501-288-5937,"plumber, 72102, Mc Rae, AR, US",,Hey ! My name is Jared - I live in Little Rock and help out local plumbers. I made this website for your business! Check it out here:,https://plumber-taupe.vercel.app/?site_id=jayshandymanandhomeservices,No confident estimation,https://plumber-taupe.vercel.app/?site_id=jay'shandymanandhomeservices
,Web Matheny Plumbing,+1 501-703-7151,"plumber, 72102, Mc Rae, AR, US",,Hey ! My name is Jared - I live in Little Rock and help out local plumbers. I made this website for your business! Check it out here:,https://plumber-taupe.vercel.app/?site_id=webmathenyplumbing,No confident estimation,https://plumber-taupe.vercel.app/?site_id=webmathenyplumbing
,Maxson Plumbing and Drain Cleaning Inc.,+1 501-766-0767,"plumber, 72113, Maumelle, AR, US",,Hey ! My name is Jared - I live in Little Rock and help out local plumbers. I made this website for your business! Check it out here:,https://plumber-taupe.vercel.app/?site_id=maxsonplumbinganddraincleaninginc,Kyle,https://plumber-taupe.vercel.app/?site_id=maxsonplumbinganddraincleaninginc.
,Integrity Plumbing,+1 501-834-0600,"plumber, 72114, North Little Rock, AR, US",,Hey ! My name is Jared - I live in Little Rock and help out local plumbers. I made this website for your business! Check it out here:,https://plumber-taupe.vercel.app/?site_id=integrityplumbing,Frank,https://plumber-taupe.vercel.app/?site_id=integrityplumbing
,Joe Horton Jr Plumbing Inc,+1 501-920-9627,"plumber, 72114, North Little Rock, AR, US",,Hey ! My name is Jared - I live in Little Rock and help out local plumbers. I made this website for your business! Check it out here:,https://plumber-taupe.vercel.app/?site_id=joehortonjrplumbinginc,No confident estimation,https://plumber-taupe.vercel.app/?site_id=joehortonjrplumbinginc
,Welton & Sons Contracting Services LLC,+1 501-834-5569,"plumber, 72114, North Little Rock, AR, US",,Hey ! My name is Jared - I live in Little Rock and help out local plumbers. I made this website for your business! Check it out here:,https://plumber-taupe.vercel.app/?site_id=weltonsonscontractingservicesllc,No confident estimation,https://plumber-taupe.vercel.app/?site_id=welton&sonscontractingservicesllc
,Cheney's Handyman's Services,+1 501-541-1116,"plumber, 72114, North Little Rock, AR, US",,Hey ! My name is Jared - I live in Little Rock and help out local plumbers. I made this website for your business! Check it out here:,https://plumber-taupe.vercel.app/?site_id=cheneyshandymansservices,No confident estimation,https://plumber-taupe.vercel.app/?site_id=cheney'shandyman'sservices
,Williams Plumbing Co Inc,+1 870-408-2231,"plumber, 72479, Weiner, AR, US",,Hey ! My name is Jared - I live in Little Rock and help out local plumbers. I made this website for your business! Check it out here:,https://plumber-taupe.vercel.app/?site_id=williamsplumbingcoinc,No confident estimation,https://plumber-taupe.vercel.app/?site_id=williamsplumbingcoinc
,A-1 Affordable Portables,+1 870-793-3417,"plumber, 72501, Batesville, AR, US",,Hey ! My name is Jared - I live in Little Rock and help out local plumbers. I made this website for your business! Check it out here:,https://plumber-taupe.vercel.app/?site_id=a1affordableportables,No confident estimation,https://plumber-taupe.vercel.app/?site_id=a-1affordableportables
,Harold's Plumbing,+1 870-251-1544,"plumber, 72501, Batesville, AR, US",,Hey ! My name is Jared - I live in Little Rock and help out local plumbers. I made this website for your business! Check it out here:,https://plumber-taupe.vercel.app/?site_id=haroldsplumbing,No confident estimation,https://plumber-taupe.vercel.app/?site_id=harold'splumbing
,Ken's Plumbing,+1 870-321-4078,"plumber, 72513, Ash Flat, AR, US",,Hey ! My name is Jared - I live in Little Rock and help out local plumbers. I made this website for your business! Check it out here:,https://plumber-taupe.vercel.app/?site_id=kensplumbing,No confident estimation,https://plumber-taupe.vercel.app/?site_id=ken'splumbing
,Handy Handyman,+1 870-710-1518,"plumber, 72513, Ash Flat, AR, US",,Hey ! My name is Jared - I live in Little Rock and help out local plumbers. I made this website for your business! Check it out here:,https://plumber-taupe.vercel.app/?site_id=handyhandyman,Adam,https://plumber-taupe.vercel.app/?site_id=handyhandyman
,Horne Plumbing,+1 417-264-7372,"plumber, 72513, Ash Flat, AR, US",,Hey ! My name is Jared - I live in Little Rock and help out local plumbers. I made this website for your business! Check it out here:,https://plumber-taupe.vercel.app/?site_id=horneplumbing,AND HE,https://plumber-taupe.vercel.app/?site_id=horneplumbing
,HNM Home Improvement,+1 870-321-1706,"plumber, 72519, Calico Rock, AR, US",,Hey ! My name is Jared - I live in Little Rock and help out local plumbers. I made this website for your business! Check it out here:,https://plumber-taupe.vercel.app/?site_id=hnmhomeimprovement,Cory,https://plumber-taupe.vercel.app/?site_id=hnmhomeimprovement
,Aquapure Plumbing,+1 870-405-5662,"plumber, 72519, Calico Rock, AR, US",,Hey ! My name is Jared - I live in Little Rock and help out local plumbers. I made this website for your business! Check it out here:,https://plumber-taupe.vercel.app/?site_id=aquapureplumbing,No confident estimation,https://plumber-taupe.vercel.app/?site_id=aquapureplumbing
,Helms Independent Solutions,+1 870-710-8242,"plumber, 72525, Cherokee Village, AR, US",,Hey ! My name is Jared - I live in Little Rock and help out local plumbers. I made this website for your business! Check it out here:,https://plumber-taupe.vercel.app/?site_id=helmsindependentsolutions,No confident estimation,https://plumber-taupe.vercel.app/?site_id=helmsindependentsolutions
,Risner Cantrell Pump Service,+1 870-467-5545,"plumber, 72528, Dolph, AR, US",,Hey ! My name is Jared - I live in Little Rock and help out local plumbers. I made this website for your business! Check it out here:,https://plumber-taupe.vercel.app/?site_id=risnercantrellpumpservice,Dusty,https://plumber-taupe.vercel.app/?site_id=risnercantrellpumpservice
,Quality Construction,+1 870-656-8848,"plumber, 72528, Dolph, AR, US",,Hey ! My name is Jared - I live in Little Rock and help out local plumbers. I made this website for your business! Check it out here:,https://plumber-taupe.vercel.app/?site_id=qualityconstruction,No confident estimation,https://plumber-taupe.vercel.app/?site_id=qualityconstruction
,JLS Plumbing and Service Company,+1 870-321-6062,"plumber, 72528, Dolph, AR, US",,Hey ! My name is Jared - I live in Little Rock and help out local plumbers. I made this website for your business! Check it out here:,https://plumber-taupe.vercel.app/?site_id=jlsplumbingandservicecompany,No confident estimation,https://plumber-taupe.vercel.app/?site_id=jlsplumbingandservicecompany
,Jeff Camper Plumbing & Drain,+1 620-499-9224,"plumber, 72529, Cherokee Village, AR, US",,Hey ! My name is Jared - I live in Little Rock and help out local plumbers. I made this website for your business! Check it out here:,https://plumber-taupe.vercel.app/?site_id=jeffcamperplumbingdrain,No confident estimation,https://plumber-taupe.vercel.app/?site_id=jeffcamperplumbing&drain
,All Calls Plumbing,+1 501-580-7480,"plumber, 72564, Oil Trough, AR, US",,Hey ! My name is Jared - I live in Little Rock and help out local plumbers. I made this website for your business! Check it out here:,https://plumber-taupe.vercel.app/?site_id=allcallsplumbing,David,https://plumber-taupe.vercel.app/?site_id=allcallsplumbing
,Handy Mandy's,+1 417-251-2387,"plumber, 72568, Pleasant Plains, AR, US",,Hey ! My name is Jared - I live in Little Rock and help out local plumbers. I made this website for your business! Check it out here:,https://plumber-taupe.vercel.app/?site_id=handymandys,She She,https://plumber-taupe.vercel.app/?site_id=handymandy's
,Amanda's Handyman Services & More,+1 479-544-3331,"plumber, 72575, Salado, AR, US",,Hey ! My name is Jared - I live in Little Rock and help out local plumbers. I made this website for your business! Check it out here:,https://plumber-taupe.vercel.app/?site_id=amandashandymanservicesmore,No confident estimation,https://plumber-taupe.vercel.app/?site_id=amanda'shandymanservices&more
,Ernest Drain Cleaning,+1 501-294-8580,"plumber, 72575, Salado, AR, US",,Hey ! My name is Jared - I live in Little Rock and help out local plumbers. I made this website for your business! Check it out here:,https://plumber-taupe.vercel.app/?site_id=ernestdraincleaning,No confident estimation,https://plumber-taupe.vercel.app/?site_id=ernestdraincleaning
,Earnest Heating & Cooling,+1 501-294-8580,"plumber, 72575, Salado, AR, US",,Hey ! My name is Jared - I live in Little Rock and help out local plumbers. I made this website for your business! Check it out here:,https://plumber-taupe.vercel.app/?site_id=earnestheatingcooling,No confident estimation,https://plumber-taupe.vercel.app/?site_id=earnestheating&cooling
,A+ Plumbing and Drain Cleaning,+1 870-421-2031,"plumber, 72585, Wideman, AR, US",,Hey ! My name is Jared - I live in Little Rock and help out local plumbers. I made this website for your business! Check it out here:,https://plumber-taupe.vercel.app/?site_id=aplumbinganddraincleaning,Owen,https://plumber-taupe.vercel.app/?site_id=a+plumbinganddraincleaning
,Self Mountain Construction and Plumbing,+1 870-754-5601,"plumber, 72601, Harrison, AR, US",,Hey ! My name is Jared - I live in Little Rock and help out local plumbers. I made this website for your business! Check it out here:,https://plumber-taupe.vercel.app/?site_id=selfmountainconstructionandplumbing,No confident estimation,https://plumber-taupe.vercel.app/?site_id=selfmountainconstructionandplumbing
,Snakes R Us Drain Service,+1 870-280-0508,"plumber, 72601, Harrison, AR, US",,Hey ! My name is Jared - I live in Little Rock and help out local plumbers. I made this website for your business! Check it out here:,https://plumber-taupe.vercel.app/?site_id=snakesrusdrainservice,Christmas Christmas,https://plumber-taupe.vercel.app/?site_id=snakesrusdrainservice
,Performance Plumbing Inc,+1 870-350-3504,"plumber, 72611, Alpena, AR, US",,Hey ! My name is Jared - I live in Little Rock and help out local plumbers. I made this website for your business! Check it out here:,https://plumber-taupe.vercel.app/?site_id=performanceplumbinginc,No confident estimation,https://plumber-taupe.vercel.app/?site_id=performanceplumbinginc
,"Finish Line Plumbing, LLC",+1 870-754-7807,"plumber, 72611, Alpena, AR, US",,Hey ! My name is Jared - I live in Little Rock and help out local plumbers. I made this website for your business! Check it out here:,https://plumber-taupe.vercel.app/?site_id=finishlineplumbingllc,Brad Asa,"https://plumber-taupe.vercel.app/?site_id=finishlineplumbing,llc"
,Harlan M Combs Plumbing Heating,+1 724-630-3376,"plumber, 72613, Beaver, AR, US",,Hey ! My name is Jared - I live in Little Rock and help out local plumbers. I made this website for your business! Check it out here:,https://plumber-taupe.vercel.app/?site_id=harlanmcombsplumbingheating,No confident estimation,https://plumber-taupe.vercel.app/?site_id=harlanmcombsplumbingheating
,Big A's Labor,+1 479-879-6523,"plumber, 72613, Beaver, AR, US",,Hey ! My name is Jared - I live in Little Rock and help out local plumbers. I made this website for your business! Check it out here:,https://plumber-taupe.vercel.app/?site_id=bigaslabor,No confident estimation,https://plumber-taupe.vercel.app/?site_id=biga'slabor
,Ryflo plumbing and construction llc,+1 479-244-5335,"plumber, 72613, Beaver, AR, US",,Hey ! My name is Jared - I live in Little Rock and help out local plumbers. I made this website for your business! Check it out here:,https://plumber-taupe.vercel.app/?site_id=ryfloplumbingandconstructionllc,No confident estimation,https://plumber-taupe.vercel.app/?site_id=ryfloplumbingandconstructionllc
,Plumb Masters LLC,+1 540-771-6333,"plumber, 72616, Berryville, AR, US",,Hey ! My name is Jared - I live in Little Rock and help out local plumbers. I made this website for your business! Check it out here:,https://plumber-taupe.vercel.app/?site_id=plumbmastersllc,No confident estimation,https://plumber-taupe.vercel.app/?site_id=plumbmastersllc
,Branson 24/7 Plumbing & Electrical,+1 540-955-3505,"plumber, 72616, Berryville, AR, US",,Hey ! My name is Jared - I live in Little Rock and help out local plumbers. I made this website for your business! Check it out here:,https://plumber-taupe.vercel.app/?site_id=branson247plumbingelectrical,Matt,https://plumber-taupe.vercel.app/?site_id=branson24/7plumbing&electrical
,Plumb Line Construction,+1 870-405-4004,"plumber, 72623, Clarkridge, AR, US",,Hey ! My name is Jared - I live in Little Rock and help out local plumbers. I made this website for your business! Check it out here:,https://plumber-taupe.vercel.app/?site_id=plumblineconstruction,No confident estimation,https://plumber-taupe.vercel.app/?site_id=plumblineconstruction
,H R Plumb & Stuff,+1 870-688-2621,"plumber, 72624, Compton, AR, US",,Hey ! My name is Jared - I live in Little Rock and help out local plumbers. I made this website for your business! Check it out here:,https://plumber-taupe.vercel.app/?site_id=hrplumbstuff,No confident estimation,https://plumber-taupe.vercel.app/?site_id=hrplumb&stuff
,Curt's Handyman Service,+1 870-449-2092,"plumber, 72626, Cotter, AR, US",,Hey ! My name is Jared - I live in Little Rock and help out local plumbers. I made this website for your business! Check it out here:,https://plumber-taupe.vercel.app/?site_id=curtshandymanservice,No confident estimation,https://plumber-taupe.vercel.app/?site_id=curt'shandymanservice
,Hulett Septic Tank & Pumping,+1 870-656-7147,"plumber, 72626, Cotter, AR, US",,Hey ! My name is Jared - I live in Little Rock and help out local plumbers. I made this website for your business! Check it out here:,https://plumber-taupe.vercel.app/?site_id=hulettseptictankpumping,No confident estimation,https://plumber-taupe.vercel.app/?site_id=hulettseptictank&pumping
,Anthony Plumbing,+1 417-331-2620,"plumber, 72630, Diamond City, AR, US",,Hey ! My name is Jared - I live in Little Rock and help out local plumbers. I made this website for your business! Check it out here:,https://plumber-taupe.vercel.app/?site_id=anthonyplumbing,No confident estimation,https://plumber-taupe.vercel.app/?site_id=anthonyplumbing
,Helping Hand Handyman,+1 417-599-1139,"plumber, 72630, Diamond City, AR, US",,Hey ! My name is Jared - I live in Little Rock and help out local plumbers. I made this website for your business! Check it out here:,https://plumber-taupe.vercel.app/?site_id=helpinghandhandyman,No confident estimation,https://plumber-taupe.vercel.app/?site_id=helpinghandhandyman